{
  "cities": [
    [
      11.911988496396308,
      50.251575523125055
    ],
    [
      51.1822712773071,
      86.00005876492754
    ],
    [
      10.263685050695981,
      22.328455667799062
    ],
    [
      60.103065238508655,
      55.65590219245474
    ],
    [
      78.33733824831903,
      54.78114548504481
    ],
    [
      73.05389924092037,
      76.81153229691415
    ],
    [
      75.10259581586179,
      58.65208464942499
    ],
    [
      23.9934079367927,
      61.42042806798492
    ],
    [
      11.073654359012997,
      81.67613528523714
    ],
    [
      44.96548325679364,
      81.47626883608376
    ],
    [
      68.51780674627925,
      67.93889426755393
    ],
    [
      21.02246612103089,
      25.151310375077905
    ],
    [
      97.9912348083475,
      92.93172982084457
    ],
    [
      80.51359010960496,
      99.96561240104579
    ],
    [
      51.35875466295887,
      7.631990107232312
    ],
    [
      34.03945720915866,
      55.745053692210256
    ],
    [
      29.212187444867144,
      45.74477981097128
    ],
    [
      87.64748099803555,
      70.39755412669133
    ],
    [
      57.74233587756656,
      2.4739301560776417
    ],
    [
      71.08623338404641,
      36.3542232372407
    ]
  ],
  "distance_matrix": [
    [
      0.0,
      55.505101094551016,
      30.22866016817924,
      38.94954796715899,
      67.96135503802185,
      67.6493668708977,
      64.63121754231791,
      14.912738632366187,
      29.222713269904585,
      47.98469552020098,
      52.24534750406482,
      26.748430054663917,
      81.91429683284599,
      86.92222624158914,
      50.790837910124594,
      22.39997430981928,
      20.572372642149308,
      85.96886328500837,
      76.36782826036267,
      49.92327460385522
    ],
    [
      57.90535360029012,
      0.0,
      72.48192132767231,
      27.736741658457845,
      40.9339269469911,
      24.840060606481302,
      46.77223204134433,
      37.11818757742584,
      47.209373855972515,
      5.040141128054771,
      24.073251779445627,
      64.81474673520464,
      43.36589477657359,
      36.189907883039304,
      74.51930224184268,
      38.32204531923061,
      52.885658875381345,
      36.04819642927888,
      82.76140148732736,
      50.41202625604519
    ],
    [
      27.90058351394153,
      67.77022766505345,
      0.0,
      54.19087532352525,
      78.18559316402303,
      75.38949736445132,
      69.83108873122387,
      43.36642458467468,
      64.1058010734594,
      70.30026581630617,
      64.60835328089432,
      8.63895227689358,
      118.77602215435496,
      101.59639938962043,
      47.80666497697833,
      47.128650897760664,
      28.524826670457557,
      89.20610300748854,
      48.89495083021764,
      61.20775872438459
    ],
    [
      49.116788115226164,
      34.697630908822525,
      64.07200619925284,
      0.0,
      19.62977372050576,
      23.095855334474262,
      14.228513126660534,
      33.60178431929588,
      51.436861209360245,
      29.354695105520964,
      17.100079926561758,
      45.57445633191115,
      47.18121027441547,
      50.10356746896936,
      64.4914886814422,
      23.872293350514145,
      28.585499805639888,
      30.28941454211134,
      51.89533515476169,
      20.145327885610847
    ],
    [
      71.06799285995855,
      36.73566308801706,
      59.75736237507942,
      19.477843244218853,
      0.0,
      20.78799706914827,
      5.109292959487031,
      53.31790706776431,
      70.8383652363427,
      40.12995891894199,
      14.723394628532906,
      56.70235267594197,
      44.37148742437189,
      35.016770258018596,
      57.45236893755115,
      42.92891664624694,
      55.61645931336172,
      14.805170122181314,
      57.28116548267909,
      21.340917289162576
    ],
    [
      59.04319193944103,
      28.5795549436326,
      76.97002278530184,
      22.141749417543423,
      28.40737003337001,
      0.0,
      19.72654759778742,
      57.03390979189186,
      65.62566608104348,
      25.167996832609074,
      7.458604500023284,
      82.53166062035532,
      36.93086435794455,
      24.171362928648715,
      69.73538914509486,
      42.60886554244045,
      51.84151652084675,
      17.800679056057902,
      82.76096647660123,
      45.43829394225499
    ],
    [
      57.323103540258195,
      38.23776397894616,
      70.85418078792226,
      14.534031896277494,
      4.05376193349613,
      16.91822663724134,
      0.0,
      56.60559924027141,
      76.24648002121762,
      36.92107558319011,
      13.127279704508812,
      65.40817453262393,
      32.31364030135667,
      39.418526192448454,
      49.97407759901559,
      41.686416391525704,
      50.133876619760116,
      14.754442324386233,
      55.22656534167716,
      26.29639001623815
    ],
    [
      15.847915455817155,
      37.08845187304153,
      37.80814875710315,
      36.35514972349776,
      62.477601648508404,
      64.38649001390397,
      50.2963733474377,
      0.0,
      23.027453440450017,
      27.77779459582511,
      40.51768647265918,
      30.231289920441235,
      86.53762496656614,
      55.77818859322216,
      57.07654283545918,
      12.543318256609938,
      17.765789468772162,
      57.12069211011782,
      66.22916402882456,
      51.56511064570328
    ],
    [
      35.1603976290795,
      47.326379981893275,
      61.65415275476611,
      56.25783013790308,
      63.98131288516427,
      72.556646745346,
      72.46081283867382,
      24.51395304601076,
      0.0,
      31.978491523194837,
      62.25441222841415,
      55.076102477152205,
      88.13424872914482,
      84.29902854415973,
      81.40098939045878,
      36.39337247878374,
      36.743126163663575,
      69.34537497500175,
      90.12180882176061,
      68.8118130965396
    ],
    [
      51.225452435577914,
      7.696735214083246,
      63.38013382133239,
      28.053789352685857,
      43.05209832846879,
      30.468285483785706,
      35.565260282990444,
      23.79652986376128,
      33.18237258379795,
      0.0,
      22.708497520038385,
      65.89833709345552,
      55.678740485794236,
      46.885509681369605,
      79.83141104849427,
      25.935029907591797,
      32.41655879567994,
      43.86701174698631,
      60.1967927280606,
      53.07449991561893
    ],
    [
      63.18912249985474,
      30.12074901664744,
      67.23772211574999,
      15.769524763401895,
      15.711735287772242,
      9.743649563687951,
      10.815597384483178,
      48.125724279468116,
      57.095829454793304,
      30.334463562256563,
      0.0,
      67.00501659696134,
      34.41693304290501,
      31.12432732810949,
      62.71079588737701,
      34.670496362339584,
      43.67118108573643,
      20.882296565301125,
      56.63925240216387,
      35.25240436225215
    ],
    [
      22.725747635886215,
      68.00524927340095,
      14.489922967691443,
      56.81244498872947,
      58.946203496801104,
      62.00597568970941,
      71.66914995325163,
      40.94616853258937,
      51.31966694778919,
      69.8125560267917,
      61.56394171017531,
      0.0,
      106.07516558363733,
      106.47442351051305,
      31.343090271138387,
      31.553683397306237,
      23.90507955221378,
      90.5781887653981,
      38.117685859374504,
      49.35237967290746
    ],
    [
      95.06399245518891,
      50.12459068832426,
      108.40813890982353,
      60.21126342481082,
      43.796152001182165,
      30.342503458307423,
      45.6297295254431,
      76.45020675073492,
      83.24018049179949,
      47.047253262107354,
      39.06554784020406,
      93.06616383234302,
      0.0,
      17.532954798899333,
      88.84512565215454,
      70.01711110794754,
      102.42579875113243,
      23.73861915322136,
      105.3394615271656,
      61.00053045913798
    ],
    [
      83.93082803258683,
      26.351849797451116,
      121.1327809743966,
      51.003639337783156,
      40.274933013435785,
      24.184942801529047,
