{
  "cities": [
    [
      11.911988496396308,
      50.251575523125055
    ],
    [
      51.1822712773071,
      86.00005876492754
    ],
    [
      10.263685050695981,
      22.328455667799062
    ],
    [
      60.103065238508655,
      55.65590219245474
    ],
    [
      78.33733824831903,
      54.78114548504481
    ],
    [
      73.05389924092037,
      76.81153229691415
    ],
    [
      75.10259581586179,
      58.65208464942499
    ],
    [
      23.9934079367927,
      61.42042806798492
    ],
    [
      11.073654359012997,
      81.67613528523714
    ],
    [
      44.96548325679364,
      81.47626883608376
    ],
    [
      68.51780674627925,
      67.93889426755393
    ],
    [
      21.02246612103089,
      25.151310375077905
    ],
    [
      97.9912348083475,
      92.93172982084457
    ],
    [
      80.51359010960496,
      99.96561240104579
    ],
    [
      51.35875466295887,
      7.631990107232312
    ],
    [
      34.03945720915866,
      55.745053692210256
    ],
    [
      29.212187444867144,
      45.74477981097128
    ],
    [
      87.64748099803555,
      70.39755412669133
    ],
    [
      57.74233587756656,
      2.4739301560776417
    ],
    [
      71.08623338404641,
      36.3542232372407
    ]
  ],
  "distance_matrix": [
    [
      0.0,
      51.08204759082979,
      27.97876427615362,
      48.55049266406464,
      68.97647696240101,
      64.01268225540514,
      61.982575135653015,
      16.619310266466297,
      31.613537647070686,
      46.75843192211462,
      59.588349968588474,
      27.318108368677667,
      98.65533500781413,
      86.84782207970794,
      58.575479372714405,
      22.206263102521437,
      18.081755969523606,
      75.31853523095012,
      68.30229082959185,
      60.478252041185584
    ],
    [
      54.77623783009309,
      0.0,
      77.08776173122546,
      32.195661314872275,
      40.17755162592555,
      23.133851588913256,
      38.076762525954216,
      38.22586712344468,
      41.57196386584489,
      8.072667190711885,
      25.068520998441414,
      65.03572098144431,
      46.56417243501978,
      32.672986080158026,
      76.73916252355728,
      34.626176873105464,
      47.58688078609287,
      40.471978047507186,
      84.43202204517839,
      50.94512913013671
    ],
    [
      28.56154564369124,
      74.65342170737472,
      0.0,
      59.489320981614966,
      74.65013623793327,
      83.84511839065239,
      74.30870633760301,
      39.84376038535811,
      59.39094774971042,
      70.29148753323962,
      74.7265816394521,
      11.112967311955218,
      117.30276504337144,
      102.175267512753,
      43.29461060502982,
      42.759714169706236,
      30.05989735119433,
      91.26210478250627,
      49.02029605773846,
      60.69930130515834
    ],
    [
      46.6940587676983,
      30.201494046459636,
      61.18273979669578,
      0.0,
      18.961401224827412,
      23.819128026062664,
      15.482933063330123,
      36.45733220611658,
      55.40689352378639,
      29.119212756873154,
      15.463509081100062,
      50.20442673178863,
      52.921105223150654,
      48.63537664180469,
      50.90988153614325,
      27.333653693491307,
      32.58993668171236,
      31.427986923261052,
      54.13801611943591,
      21.780547448314014
    ],
    [
      68.57567714819652,
      41.38440170711637,
      75.2543462061137,
      18.957066404754443,
      0.0,
      22.503442832195148,
      4.940844687995289,
      53.48351197010667,
      69.05909400299737,
      43.40049666691541,
      16.577667123463563,
      64.2511880734634,
      43.0137587697439,
      45.18942534879616,
      56.61179361116143,
      43.24545584835264,
      49.87725659307192,
      18.201545142875126,
      58.049251853657964,
      20.41210156829217
    ],
    [
      67.04712449641842,
      24.689517377346466,
      85.887560701413,
      24.35015387101858,
      23.599370714520408,
      0.0,
      17.540688949422815,
      52.391584160814126,
      63.94324602288425,
      28.516328786744975,
      9.918016351690719,
      76.73296049969902,
      31.081466843691334,
      25.15910695047361,
      72.35045069303351,
      42.40687253147434,
      52.47818444738167,
      15.938365345427194,
      72.83685471533359,
      41.50783995684186
    ],
    [
      63.181177627116625,
      36.14922825959896,
      70.7084689007389,
      14.531384772611196,
      5.085253618399381,
      19.064436904641383,
      0.0,
      49.05006534889897,
      70.04161893746178,
      36.851325080478006,
      11.522223641215199,
      65.2179336793532,
      43.09981846216558,
      42.36835360400174,
      57.036510694666674,
      39.744702258732026,
      46.781702565317865,
      17.327923170454028,
      60.384156965551654,
      23.67609941279161
    ],
    [
      16.43990298728101,
      37.460402982392246,
      39.920065935651856,
      35.553718204213176,
      55.22941773130201,
      53.77444399068803,
      53.10859767103087,
      0.0,
      24.03661553341372,
      27.812444654939483,
      45.757508208069154,
      37.973789194462235,
      82.70748991976016,
      71.25166882918239,
      59.178714204136796,
      11.436834478099778,
      17.03040526209175,
      64.41274459345182,
      65.86391667489956,
      50.75634498504166
    ],
    [
      30.197593065004664,
      41.905321261875656,
      56.69047552261618,
      54.65703132837878,
      71.37934245080203,
      63.84656852195287,
      64.8160713353383,
      24.050229336331327,
      0.0,
      33.308655386819176,
      57.90429327143807,
      56.39527688008244,
      84.32492050391558,
      75.03076619576028,
      84.89737783788709,
      35.695109858505134,
      38.85698381964211,
      77.55179291360216,
      91.31873714386688,
      73.97343646634407
    ],
    [
      45.916538899683225,
      7.825744798943601,
      65.62393684744396,
      29.628719886316812,
      41.434034673049936,
      29.67314096515805,
      36.0853997220873,
      29.148255782989146,
      35.041304435793236,
      0.0,
      27.03476661479738,
      62.76157977589801,
      52.559337507952,
      40.91422430814005,
      76.92091806120371,
      26.918113048228808,
      39.1669425273718,
      45.35493157273577,
      80.16372396149806,
      54.517768919949354
    ],
    [
      57.29075861539088,
      25.896630334016255,
      73.17145214300437,
      14.777774918956977,
      16.276912300749164,
      9.545066977933294,
      11.162288695073087,
      44.29733970698836,
      57.666690891591045,
      27.15913519423923,
      0.0,
      65.71792570717695,
      38.31794007357926,
      34.08909072170615,
      61.60821396478828,
      36.50547842554574,
      43.4239934051265,
      19.859085911473912,
      68.3144147467431,
      32.69078253678707
    ],
    [
      27.63141146933311,
      66.0884747180215,
      11.627562706185984,
      51.45350642352688,
      65.46064005216174,
      72.64700214162394,
      65.41806138098669,
      37.6624223316705,
      58.371663953123814,
      64.02534750129105,
      62.97997143767065,
      0.0,
      99.03888833601738,
      96.17702706444793,
      35.28504874417644,
      33.375445887174806,
      21.297182140144052,
      82.27610914898813,
      43.39881412471338,
      51.65097675492198
    ],
    [
      93.33561363366255,
      46.347948956815884,
      109.99829236512485,
      53.44696697870982,
      41.20515640452788,
      28.9923329960405,
      43.09367185248053,
      77.78399500818944,
      89.26076917378161,
      55.65469766623109,
      39.50283249772358,
      99.33360293445749,
      0.0,
      19.085028411492416,
      97.27879136018939,
      72.32627356200095,
      86.2237930440715,
      24.276682462805987,
      97.17242584111204,
      61.15077118154545
    ],
    [
      81.01776584535138,
      32.19930844633061,
      108.870045677143,
      50.134885658936426,
      44.85019755399029,
      23.147315909341646,
