{
  "cities": [
    [
      11.911988496396308,
      50.251575523125055
    ],
    [
      51.1822712773071,
      86.00005876492754
    ],
    [
      10.263685050695981,
      22.328455667799062
    ],
    [
      60.103065238508655,
      55.65590219245474
    ],
    [
      78.33733824831903,
      54.78114548504481
    ],
    [
      73.05389924092037,
      76.81153229691415
    ],
    [
      75.10259581586179,
      58.65208464942499
    ],
    [
      23.9934079367927,
      61.42042806798492
    ],
    [
      11.073654359012997,
      81.67613528523714
    ],
    [
      44.96548325679364,
      81.47626883608376
    ],
    [
      68.51780674627925,
      67.93889426755393
    ],
    [
      21.02246612103089,
      25.151310375077905
    ],
    [
      97.9912348083475,
      92.93172982084457
    ],
    [
      80.51359010960496,
      99.96561240104579
    ],
    [
      51.35875466295887,
      7.631990107232312
    ],
    [
      34.03945720915866,
      55.745053692210256
    ],
    [
      29.212187444867144,
      45.74477981097128
    ],
    [
      87.64748099803555,
      70.39755412669133
    ],
    [
      57.74233587756656,
      2.4739301560776417
    ],
    [
      71.08623338404641,
      36.3542232372407
    ]
  ],
  "distance_matrix": [
    [
      0.0,
      57.702889410197805,
      30.221057289882143,
      38.90355341337318,
      65.59975982920533,
      70.44874019923624,
      66.47056060693907,
      14.763581208265066,
      29.05836201646651,
      46.66240710654213,
      51.99674350860163,
      26.145670403593165,
      79.77539622057881,
      84.79368464812951,
      50.35516079637892,
      22.998075887668563,
      20.34008021910992,
      89.45085831360677,
      74.02306368097635,
      50.17588594173409
    ],
    [
      56.13832848101337,
      0.0,
      71.16411794431015,
      27.247943677813286,
      42.155489059394206,
      25.473032074301297,
      44.63036568230253,
      35.590237132589714,
      45.81150050719015,
      4.8002916176740795,
      24.04058652041075,
      67.68231158187072,
      44.06926415284598,
      35.98318256717428,
      76.1012814151053,
      38.48581091884361,
      50.966884075615525,
      35.327599800188445,
      82.1255578344406,
      52.92746043745722
    ],
    [
      27.324414532036577,
      68.70779895140488,
      0.0,
      54.61568983254436,
      78.98513339371917,
      74.74876725434949,
      69.8418787157141,
      45.096094565106206,
      64.06506370944399,
      68.5846429853245,
      63.96762003488453,
      8.646707759040137,
      114.02401831695029,
      104.10914190534065,
      48.1923670418149,
      45.20199227731337,
      28.58431071833357,
      89.04593399406615,
      51.33125466366381,
      62.94164450229385
    ],
    [
      51.009236651302736,
      36.33682997793669,
      62.78699106546713,
      0.0,
      18.89872445881796,
      24.051727806853094,
      14.056587433915263,
      33.70275669172984,
      51.52903059572244,
      30.172591793025813,
      16.46467326222064,
      45.00438352254763,
      47.38593482927025,
      50.2573245447663,
      61.835856966603224,
      22.76321136920429,
      28.455650221705806,
      30.109372378892825,
      51.02909618518677,
      20.540470504389283
    ],
    [
      68.99937769833375,
      36.72868606023195,
      59.883759589072255,
      18.75674018780926,
      0.0,
      20.928075308145893,
      5.216558898204725,
      54.578473679443455,
      74.30772403507889,
      39.514937720707444,
      14.581555153066317,
      56.940206414243576,
      44.27015830503768,
      35.05351500865852,
      55.12864303812226,
      43.98404768994622,
      55.69683464776436,
      14.788508233613376,
      55.4718216046751,
      20.703338766011896
    ],
    [
      58.703661669940516,
      27.461154863794622,
      74.50103665864113,
      22.555284529330116,
      27.270695547725456,
      0.0,
      20.551968091931045,
      55.9741339860245,
      63.806640647472115,
      25.129866449843625,
      7.493885183524103,
      78.8624419514003,
      35.28223899271796,
      23.371045374083987,
      69.88111748643892,
      44.549927465800465,
      53.08114089330882,
      17.803490662809118,
      86.23932131312466,
      44.34063564972409
    ],
    [
      57.83604659219298,
      38.432251100295304,
      74.47334289089899,
      15.298636371239589,
      4.021333900040169,
      16.21734798471294,
      0.0,
      59.06836267318645,
      74.07050627477221,
      37.876170136286035,
      12.970242926738553,
      63.80130669152309,
      30.903315307934463,
      38.76541755878646,
      49.30642673900631,
      43.17705720858954,
      51.08694061483613,
      14.632893550889012,
      53.777122315643304,
      25.1641647554145
    ],
    [
      15.860621530791532,
      36.28839213554169,
      39.24097574288248,
      37.39115516920072,
      61.93299683009188,
      61.56510023233508,
      48.47378896797304,
      0.0,
      23.016586411468648,
      28.982198520700056,
      39.846061684125,
      28.97089404579474,
      84.15242579192095,
      53.5555469485475,
      58.205708393569395,
      12.654629454535007,
      17.23496129115702,
      57.0065028303794,
      68.30074536616488,
      54.198440100579525
    ],
    [
      36.60202725258225,
      45.55970774301919,
      64.5500258835094,
      57.13184542474524,
      64.9332155936836,
      70.65232813469315,
      76.06803323949603,
      24.48851476517858,
      0.0,
      32.538942088298164,
      63.50111876459244,
      56.0511529287003,
      91.60257080661135,
      80.67832903220216,
      80.82215550827733,
      35.31643791021429,
      38.060433607203386,
      69.209629080855,
      90.72414850762792,
      69.9561639803935
    ],
    [
      50.727211765150116,
      7.561759097256646,
      66.23133673905674,
      28.339573919935596,
      44.40423419573544,
      29.236113540137588,
      37.25969486338222,
      23.690476035240007,
      32.09443447294118,
      0.0,
      22.818434783650957,
      64.2615335291584,
      57.46872285462182,
      45.91691309853933,
      76.92505255380014,
      26.933901163094326,
      32.319804439635085,
      42.64974971655426,
      60.09551579144092,
      50.75699900459416
    ],
    [
      65.41052488768642,
      29.11799873559097,
      67.98575965902702,
      15.888122806232783,
      15.84788959779226,
      10.17224827846821,
      11.03079803918402,
      48.88805541489911,
      58.479191636095784,
      30.341738242622153,
      0.0,
      65.17840450743599,
      34.70940352693942,
      31.225183489139976,
      63.822655024696644,
      34.732832126385254,
      45.39573972230947,
      20.280764094685374,
      55.0071250044253,
      34.17204708917551
    ],
    [
      21.961763883703135,
      69.88275563463611,
      13.861081890891002,
      54.739879460437585,
      58.09981006459919,
      62.581712029169346,
      69.69460533115465,
      39.563451776507414,
      50.45983658332684,
      66.73475818406308,
      62.4890917130638,
      0.0,
      109.84551258963005,
      105.81832297987327,
      31.118006737618916,
      31.433047323874916,
      24.87600624008219,
      88.66295769955931,
      37.90617034590435,
      49.018847998271134
    ],
    [
      97.85848784823177,
      51.17521728449647,
      110.98179899013013,
      59.87754098850505,
      45.61407477334265,
      31.07680892410047,
      43.64444968060901,
      79.04873562082567,
      81.73184150086708,
      45.85898847714608,
      38.21578801829684,
      96.088183442268,
      0.0,
      17.30780358011482,
      88.7862896617331,
      71.61567267573017,
      99.08283087929848,
      24.245257383899055,
      107.32932808323991,
      62.49504765762839
    ],
    [
      87.7673212704073,
      26.586764239966016,
      116.49562519890921,
      49.62998413129984,
      40.62213749947795,
      25.416552725062346,
