{
  "cities": [
    [
      11.911988496396308,
      50.251575523125055
    ],
    [
      51.1822712773071,
      86.00005876492754
    ],
    [
      10.263685050695981,
      22.328455667799062
    ],
    [
      60.103065238508655,
      55.65590219245474
    ],
    [
      78.33733824831903,
      54.78114548504481
    ],
    [
      73.05389924092037,
      76.81153229691415
    ],
    [
      75.10259581586179,
      58.65208464942499
    ],
    [
      23.9934079367927,
      61.42042806798492
    ],
    [
      11.073654359012997,
      81.67613528523714
    ],
    [
      44.96548325679364,
      81.47626883608376
    ],
    [
      68.51780674627925,
      67.93889426755393
    ],
    [
      21.02246612103089,
      25.151310375077905
    ],
    [
      97.9912348083475,
      92.93172982084457
    ],
    [
      80.51359010960496,
      99.96561240104579
    ],
    [
      51.35875466295887,
      7.631990107232312
    ],
    [
      34.03945720915866,
      55.745053692210256
    ],
    [
      29.212187444867144,
      45.74477981097128
    ],
    [
      87.64748099803555,
      70.39755412669133
    ],
    [
      57.74233587756656,
      2.4739301560776417
    ],
    [
      71.08623338404641,
      36.3542232372407
    ]
  ],
  "distance_matrix": [
    [
      0.0,
      53.10470001593203,
      27.97172727423189,
      48.49316059314952,
      66.57960719097993,
      66.66156728818258,
      63.74654035305707,
      16.453083688585874,
      31.435740175291816,
      45.469934994058896,
      59.30480506759807,
      26.70251136225276,
      96.07930170703109,
      84.72110248690497,
      58.07302663045937,
      22.799192398602468,
      17.87758628136805,
      78.36916025045315,
      66.20516700302241,
      60.78427147364324
    ],
    [
      53.10470001593203,
      0.0,
      75.68621895525546,
      31.6282848569592,
      41.37654176676661,
      23.723345641626786,
      36.33309255007037,
      36.652319639379606,
      40.341014679314725,
      7.688506266649467,
      25.03450524770123,
      67.91306227579327,
      47.31941599890797,
      32.486350253686645,
      78.36826737604096,
      34.774148531995095,
      45.8603539810289,
      39.66295086050572,
      83.78334326070852,
      53.48716381327998
    ],
    [
      27.97172727423189,
      75.68621895525546,
      0.0,
      59.95567120264035,
      75.41352223603285,
      83.13252454381669,
      74.32018818334592,
      41.432928893162995,
      59.35320653725871,
      68.57607892936892,
      73.98550401116313,
      11.122943801791104,
      112.60970343452347,
      104.70232693884336,
      43.6439096141679,
      41.0116613325553,
      30.12258254798251,
      91.09824423044698,
      51.46284550659335,
      62.41878356452286
    ],
    [
      48.49316059314952,
      31.6282848569592,
      59.95567120264035,
      0.0,
      18.255243397266927,
      24.8049347202272,
      15.29584998803296,
      36.56688541586534,
      55.506176785950004,
      29.930548305444944,
      14.888914297541877,
      49.57643945792978,
      53.15073582495629,
      48.78462815562869,
      48.81351349176624,
      26.063760501844435,
      32.441896950123564,
      31.241177015020654,
      53.234342231247766,
      22.207764250444203
    ],
    [
      66.57960719097993,
      41.37654176676661,
      75.41352223603285,
      18.255243397266927,
      0.0,
      22.655080463893487,
      5.044574176149234,
      54.74799388945829,
      72.44131174069764,
      42.73535206714206,
      16.41796430569795,
      64.52070749465801,
      42.91553023271725,
      45.2368447468094,
      54.32206572943789,
      44.30836697048814,
      49.94933779398345,
      18.18106093942241,
      56.21564638178803,
      19.80227222515881
    ],
    [
      66.66156728818258,
      23.723345641626786,
      83.13252454381669,
      24.8049347202272,
      22.655080463893487,
      0.0,
      18.27464627614106,
      51.41806974584081,
      62.17085424743017,
      28.47312556564892,
      9.964930542657521,
      73.32154227457919,
      29.693963585432616,
      24.326085039004546,
      72.50164381469307,
      44.33873259185632,
      53.73303270085386,
      15.940882800826925,
      75.89810975695838,
      40.50513011057048
    ],
    [
      63.74654035305707,
      36.33309255007037,
      74.32018818334592,
      15.29584998803296,
      5.044574176149234,
      18.27464627614106,
      0.0,
      51.18410701517676,
      68.04272372388552,
      37.80461528946522,
      11.38438755376265,
      63.61573944229908,
      41.2187320038689,
      41.66637054665144,
      56.2745061265629,
      41.165910426219384,
      47.67104046115866,
      17.185173769133613,
      58.79935090971312,
      22.656694170612692
    ],
    [
      16.453083688585874,
      36.652319639379606,
      41.432928893162995,
      36.56688541586534,
      54.74799388945829,
      51.41806974584081,
      51.18410701517676,
      0.0,
      24.025272264463414,
      29.018350954923818,
      44.99902766661887,
      36.39059484941931,
      80.42785910287786,
      68.41244205637982,
      60.349467766509974,
      11.538326580921705,
      16.521549801138892,
      64.28397786042761,
      67.9240734440304,
      53.34837235776112
    ],
    [
      31.435740175291816,
      40.341014679314725,
      59.35320653725871,
      55.506176785950004,
      72.44131174069764,
      62.17085424743017,
      68.04272372388552,
      24.025272264463414,
      0.0,
      33.89241821755916,
      59.06388434796161,
      57.3936815912712,
      87.64333516883376,
      71.80814473453572,
      84.2936815048461,
      34.63883792993027,
      40.25007687849404,
      77.3999826814773,
      91.92907664064532,
      75.20362592935399
    ],
    [
      45.469934994058896,
      7.688506266649467,
      68.57607892936892,
      29.930548305444944,
      42.73535206714206,
      28.47312556564892,
      37.80461528946522,
      29.018350954923818,
      33.89241821755916,
      0.0,
      27.165648381035446,
      61.20268797362959,
      54.24903606498915,
      40.06898708829678,
      74.12051956278499,
      27.95484712843022,
      39.05004016502153,
      44.09638137983079,
      80.02885404529633,
      52.13724758974574
    ],
    [
      59.30480506759807,
      25.03450524770123,
      73.98550401116313,
      14.888914297541877,
      16.41796430569795,
      9.964930542657521,
      11.38438755376265,
      44.99902766661887,
      59.06388434796161,
      27.165648381035446,
      0.0,
      63.92640077827033,
      38.64356079250126,
      34.1995539868867,
      62.70052438217976,
      36.571113392686875,
      45.13879069247903,
      19.287027901707443,
      66.345853665164,
      31.688929604622174
    ],
    [
      26.70251136225276,
      67.91306227579327,
      11.122943801791104,
      49.57643945792978,
      64.52070749465801,
      73.32154227457919,
      63.61573944229908,
      36.39059484941931,
      57.3936815912712,
      61.20268797362959,
      63.92640077827033,
      0.0,
      102.55913715259949,
      95.58437958713043,
      35.03165689981643,
      33.24784484959857,
      22.16218668744519,
      80.53642145632936,
      43.15799356473894,
      51.30191077496624
    ],
    [
      96.07930170703109,
      47.31941599890797,
      112.60970343452347,
      53.15073582495629,
      42.91553023271725,
      29.693963585432616,
      41.2187320038689,
      80.42785910287786,
      87.64333516883376,
      54.24903606498915,
      38.64356079250126,
      102.55913715259949,
      0.0,
      18.839946081863964,
      97.21437033546052,
      73.9775556475885,
      83.40962538857345,
      24.79480423603521,
      99.00801677304382,
      62.64896928808472
    ],
    [
      84.72110248690497,
      32.486350253686645,
      104.70232693884336,
      48.78462815562869,
      45.2368447468094,
      24.326085039004546,
      41.66637054665144,
