{
  "cities": [
    [
      38.24,
      20.42
    ],
    [
      39.57,
      26.15
    ],
    [
      40.56,
      25.32
    ],
    [
      36.26,
      23.12
    ],
    [
      33.48,
      10.54
    ],
    [
      37.56,
      12.19
    ],
    [
      38.42,
      13.11
    ],
    [
      37.52,
      20.44
    ],
    [
      41.23,
      9.1
    ],
    [
      41.17,
      13.05
    ],
    [
      36.08,
      -5.21
    ],
    [
      38.47,
      15.13
    ],
    [
      38.15,
      15.35
    ],
    [
      37.51,
      15.17
    ],
    [
      35.49,
      14.32
    ],
    [
      39.36,
      19.56
    ],
    [
      38.09,
      24.36
    ],
    [
      36.09,
      23.0
    ],
    [
      40.44,
      13.57
    ],
    [
      40.33,
      14.15
    ],
    [
      40.37,
      14.23
    ],
    [
      37.57,
      22.56
    ]
  ],
  "distance_matrix": [
    [
      0.0,
      6.391664142932096,
      5.857440606342498,
      2.686082423523357,
      10.805460678158619,
      8.727200088745395,
      7.62468176690473,
      0.6463152364152944,
      10.822770458264946,
      8.139061718476475,
      22.55130622342307,
      5.1845783786527955,
      4.210323894324247,
      5.305050455539953,
      5.80196625610143,
      1.4244086952778015,
      4.485950810810005,
      3.833298966275871,
      8.044198747432983,
      5.4556954592528495,
      6.920175887887229,
      2.1084508819126793
    ],
    [
      5.067659622788135,
      0.0,
      1.316218863670892,
      4.818391577756609,
      20.5823923062776,
      13.695266804109819,
      14.865777264505311,
      3.787812732900057,
      16.45049978037645,
      13.152507106080794,
      29.386329541514396,
      12.266852250157047,
      10.577847666044695,
      12.363982720511,
      13.90721095001124,
      5.872660834226314,
      2.2766498704318225,
      4.644803204024747,
      12.318229904046463,
      10.91540192748047,
      10.882766473889601,
      4.304141362985442
    ],
    [
      4.874730269617367,
      1.2140519780168018,
      0.0,
      5.257153613654439,
      17.68926167014191,
      13.470048625555393,
      10.717640836959522,
      4.469471660608666,
      16.437719805088093,
      12.215552807713427,
      34.07278183610034,
      11.464952865325039,
      9.733341637634053,
      10.359583623839695,
      12.081208894867148,
      5.932957846186021,
      2.7874957101692375,
      5.785944647316047,
      12.305518443004061,
      11.56618370403144,
      10.754827937453815,
      3.7394375732169354
    ],
    [
      3.0859437725207575,
      4.16589234506427,
      4.869174217422551,
      0.0,
      14.247026966711326,
      9.991943644808556,
      9.129708295955352,
      3.050817035286516,
      18.84313004649575,
      9.7845489413265,
      24.84949766368247,
      7.989675885178797,
      7.665302174455138,
      7.4434749964891385,
      9.15467263730212,
      4.190288059947208,
      1.755330036867253,
      0.21380294505227967,
      9.630044745217536,
      10.185989378973815,
      9.763763898729048,
      1.4613814140000212
    ],
    [
      10.14042791352418,
      14.881691910725893,
      14.462805533323568,
      13.29017660334478,
      0.0,
      3.410293416317949,
      5.6512094672380755,
      10.614330104852,
      8.789674140092304,
      6.579822537459511,
      15.751942037504785,
      7.088496202769679,
      5.903782693768786,
      7.10535251232555,
      3.8366732009692903,
      9.790776350164455,
      17.536738595466144,
      14.316844646395671,
      8.263569086299015,
      7.946763717217433,
      6.898166958522551,
      9.548314766961303
    ],
    [
      8.882103945950373,
      16.75826473753789,
      12.939599914962951,
      10.60919616586969,
      4.421974206027773,
      0.0,
      1.2440862418912157,
      9.214077174540462,
      5.451283002928582,
      4.062427841318843,
      15.843698992513815,
      3.2554229822970844,
      3.2212317606374103,
      2.9809623645388905,
      2.367686655707194,
      6.732549476325591,
      14.057944574698025,
      11.875943497328613,
      3.199600628482379,
      3.8659922629122496,
      3.482548961840905,
      7.774803182121534
    ],
    [
      6.803114725324106,
      11.46969211344814,
      13.001724443517872,
      10.974177859954962,
      4.741509930839541,
      1.1517987912825443,
      0.0,
      8.202366388353939,
      4.720229030940898,
      2.7233427223951474,
      17.491769654652384,
      2.066166345057922,
      2.5523140198127066,
      2.696470044546003,
      3.0021560315942084,
      6.244476411421037,
      11.240817148566503,
      8.997220715051302,
      1.649311167958806,
      2.2755004644242787,
      1.7604007643984119,
      9.151108400956463
    ],
    [
      0.7899627073621512,
      6.3288146855957494,
      5.098551451431358,
      2.9778410809393328,
      10.862974348575195,
      9.605954000656292,
      8.340408055250347,
      0.0,
      12.976147283286032,
      8.483644261052614,
      23.027738510022154,
      6.130214765524885,
      5.733761850419003,
      5.371623003083337,
      6.190397942765456,
      2.19283541738009,
      3.8685652729919195,
      3.064785711468231,
      8.386902658587488,
      6.605416224761623,
      6.966420783574152,
      2.0052274102346788
    ],
    [
      10.469276411569048,
      16.906085208133433,
      15.101088496230117,
      16.59469934234338,
      7.7526978863107505,
      4.633564683827386,
      4.636271068475655,
      12.397400472880593,
      0.0,
      4.056315146532029,
      14.989286929118393,
      5.414037566736673,
      6.59806922744936,
      5.979959158918046,
      8.146375143271065,
      11.256486088026298,
      17.85350718716818,
      15.380653274892692,
      4.373493142210338,
      4.245494630744545,
      5.030942375160823,
      10.474427217707241
    ],
    [
      7.72110347994497,
      14.55607978329648,
      14.28904165135045,
      10.294746881439886,
      8.632142349094432,
      3.582167643466612,
      2.8078811039064813,
      7.9862476385758505,
      4.291872640803746,
      0.0,
      18.76849888583464,
      3.8067658211021294,
      3.8704502546430666,
      3.7990515212258305,
      5.314056062838984,
      6.877863856079977,
      11.132669908954894,
      11.235384908273943,
      0.9424490654147024,
      1.147512894760742,
      1.537333247030009,
      8.363259814771471
    ],
    [
      26.466843414811336,
      39.32115879441451,
      34.07073371618697,
      25.51120262065511,
      13.624944265015984,
      19.1315072717654,
      20.079116847757238,
      22.586682149597582,
      16.583190767086943,
      18.52994551020215,
      0.0,
      21.934943287243566,
      22.876370602096507,
      18.147706527112046,
      18.472399707629112,
      28.04585252416109,
      32.62888476533444,
      24.777174384615652,
      18.42148648202097,
      20.188044655019002,
      21.529902032980655,
      27.407919123904087
    ],
    [
      5.965137326118949,
      11.771149401663296,
      10.886550842369939,
      8.77787194069228,
      6.663726569071361,
      2.870029464607182,
      1.7081138613113604,
      5.334598384560972,
      6.213207115695551,
      3.131108242355652,
      18.704409166838367,
      0.0,
      0.3759315444837067,
      1.1413796719524132,
      3.0196779081429486,
      4.898284586332717,
      9.215122700896687,
      8.517629961134675,
      2.0565252486922194,
      2.3391841762546948,
      2.1388103248365673,
      6.7208197651215835
    ],
    [
      5.298107922981824,
      10.94044109990628,
      10.777241202343559,
      8.055511269263832,
      6.3592812103069365,
      2.827015277861669,
      2.4490941670585054,
      4.942725876741941,
      7.144775658347815,
      3.2861512561229658,
      19.05463494847456,
      0.3439980833532738,
      0.0,
      0.7164224720936844,
      2.739220703026031,
      4.485033077218574,
      9.991139369356835,
      9.534870990673722,
