{
  "cities": [
    [
      38.24,
      20.42
    ],
    [
      39.57,
      26.15
    ],
    [
      40.56,
      25.32
    ],
    [
      36.26,
      23.12
    ],
    [
      33.48,
      10.54
    ],
    [
      37.56,
      12.19
    ],
    [
      38.42,
      13.11
    ],
    [
      37.52,
      20.44
    ],
    [
      41.23,
      9.1
    ],
    [
      41.17,
      13.05
    ],
    [
      36.08,
      -5.21
    ],
    [
      38.47,
      15.13
    ],
    [
      38.15,
      15.35
    ],
    [
      37.51,
      15.17
    ],
    [
      35.49,
      14.32
    ],
    [
      39.36,
      19.56
    ],
    [
      38.09,
      24.36
    ],
    [
      36.09,
      23.0
    ],
    [
      40.44,
      13.57
    ],
    [
      40.33,
      14.15
    ],
    [
      40.37,
      14.23
    ],
    [
      37.57,
      22.56
    ]
  ],
  "distance_matrix": [
    [
      0.0,
      5.65828323799944,
      5.422839724449171,
      3.3521520158494003,
      11.361666742007138,
      7.929900303117969,
      7.109875502588736,
      0.7275547370523493,
      11.774444173215246,
      8.155810787993296,
      25.84383245592759,
      5.417067981338731,
      5.206754638202779,
      5.433565954805702,
      6.749118648031275,
      1.3753669831926416,
      3.9878833799359805,
      3.2276768349163576,
      7.422513673659383,
      6.575886381513932,
      6.752270872995254,
      2.2839566329490655
    ],
    [
      5.987851956960367,
      0.0,
      1.2544618156759269,
      4.375920201880735,
      17.5600368063515,
      14.709467855572324,
      13.490052681874452,
      6.369977911520941,
      17.15389509441041,
      12.63820283860777,
      31.04998783863343,
      11.13838922025652,
      10.666511208481623,
      11.124033567571695,
      12.984917590083963,
      6.727833243910185,
      2.3405886927058517,
      4.47083795552088,
      12.875945987475932,
      11.859965180576177,
      11.853890153510417,
      4.06791411660434
    ],
    [
      5.467947520629943,
      1.2916982413982332,
      0.0,
      4.644853859552254,
      16.39867276722125,
      13.805273510543135,
      12.520282332664829,
      5.744277920590672,
      16.910384431333327,
      11.988643390021576,
      30.609988933395687,
      10.845497793169194,
      10.235798700709148,
      10.617412427219826,
      11.537306863862664,
      5.721591782104201,
      2.551684695756472,
      4.809009837268778,
      11.991103892472491,
      11.60454242983961,
      10.650819999197596,
      4.118884609284782
    ],
    [
      3.338162462888178,
      4.479400270605783,
      4.69918265424522,
      0.0,
      13.380710772070573,
      11.14646537425906,
      10.196153249433854,
      2.952358425769909,
      15.513677104133077,
      11.749109911225345,
      28.459850649064656,
      8.339576995517792,
      8.132306540860606,
      7.892855244320071,
      9.098457060261563,
      4.721447537137773,
      2.2058771060276556,
      0.21608640874187637,
      10.354949425814318,
      9.647622598951072,
      9.56788176998165,
      1.3581586269015313
    ],
    [
      11.137550335334883,
      16.918890484604834,
      16.319793989349634,
      12.912997655996977,
      0.0,
      4.396397899500939,
      5.803246486431575,
      10.436091447175734,
      7.871270157943705,
      8.09837848793042,
      16.48383673130132,
      6.988781186101417,
      6.742878416928526,
      6.388213649256307,
      4.4230592917731455,
      10.569891518469564,
      15.17585037439801,
      12.219137240595046,
      7.734670363308035,
      7.963777160173939,
      7.827753378940608,
      12.637015335919255
    ],
    [
      8.642265118531864,
      14.7629930715307,
      13.929577087633882,
      10.984084852970922,
      4.209257055164497,
      0.0,
      1.2299544842421983,
      8.248794076970947,
      4.604098247188423,
      3.802891009631485,
      17.30795272669463,
      3.0620383948234933,
      3.058387832848808,
      2.831462233668193,
      2.9941028107739744,
      7.914503950940382,
      11.673645058950479,
      11.229980066249736,
      3.1130265405304662,
      3.434386518439993,
      3.559874538723472,
      10.843257507794641
    ],
    [
      7.43540992055668,
      13.267869122945147,
      11.968153928630764,
      10.049353481821457,
      5.614782852605441,
      1.2933083067798554,
      0.0,
      7.71732516927759,
      4.892627139217988,
      2.8112988709733737,
      17.79447592027856,
      1.9646329636728563,
      2.2760535481338744,
      2.3552495949133516,
      3.289206398388596,
      6.52121370326266,
      10.787125227836198,
      10.332022371053817,
      2.1618454200667347,
      2.236429074417113,
      2.342082182300578,
      9.304084490295606
    ],
    [
      0.7139421000379244,
      6.253700086908506,
      5.76095140259344,
      2.871597898011256,
      10.173076431290967,
      7.9251536509499605,
      7.67141617724609,
      0.0,
      11.396183810499743,
      8.116153201561689,
      25.313775360514946,
      5.53970672183953,
      4.885625423579856,
      5.2754838899485605,
      6.336832685688375,
      1.9995645364089676,
      3.8923161844069822,
      2.821294306539728,
      7.799811176454924,
      6.938475143151374,
      7.041116542456643,
      2.047193939993501
    ],
    [
      11.731187798691098,
      17.016884442002226,
      15.96827708794324,
      15.02095485572767,
      8.023349379589241,
      4.591070800639944,
      4.847171562740705,
      11.568138272236054,
      0.0,
      4.116949777777617,
      14.516877080436625,
      6.661316200620362,
      7.203895512862861,
      7.084920668756872,
      7.956227393901341,
      10.294877318759823,
      15.908351595308492,
      15.37982661056186,
      4.370929487889538,
      5.144927300324799,
      5.350044225071499,
      13.972242039641085
    ],
    [
      8.293188005235622,
      12.749153973051172,
      12.708223282532318,
      11.079990611822232,
      8.028881590295347,
      3.679141517203018,
      2.6347580661781222,
      8.081446275733251,
      3.8888546237998307,
      0.0,
      18.507732297047447,
      3.4074668617003714,
      3.9024883197154407,
      4.194017002158713,
      5.801449951106119,
      6.639224079632733,
      11.70084373486334,
      10.747380330079238,
      0.9228536395314364,
      1.4251185062592258,
      1.47069406565199,
      10.522318443573191
    ],
    [
      25.029827401635213,
      32.98510485407437,
      32.025257150723114,
      28.743289353126563,
      15.816303567067193,
      17.957575210712616,
      19.114312447738396,
      26.128150813075937,
      15.909918315947355,
      18.675506508124712,
      0.0,
      19.776979028702495,
      20.792063723714964,
      20.57788324308188,
      19.613897771214788,
      24.010993714910086,
      30.278458490627987,
      28.367412899829574,
      19.410651390818753,
      19.254983163670733,
      19.4990242038921,
      27.165033621224808
    ],
    [
      5.324508863076956,
      10.633385738212072,
      10.156335805621985,
      8.667098239145703,
      6.557110244885814,
      3.13440921993096,
      2.0729755209964558,
      5.514258827452292,
      6.423060843385221,
      3.4526212114789483,
      20.493505515195626,
      0.0,
      0.37966169570209773,
      0.9932506343003255,
      3.023591812418509,
      4.434744950093513,
      9.016904231828583,
      7.862600108558104,
      2.490663783401127,
      2.1860656799881553,
      2.1605691188244505,
      7.42034055185647
    ],
    [
      4.825083052829517,
      10.45336668341978,
      9.767855221547684,
      7.695107627280561,
      6.828683234520312,
      3.2391929400866517,
      2.354609621790496,
      5.052064786855318,
      7.162630310016085,
      3.8368183939805425,
      20.98364854422848,
      0.3928011733250925,
      0.0,
      0.6930690925065678,
      2.799988087788335,
      4.255870101526999,
      8.976564560496602,
