{
  "cities": [
    [
      38.24,
      20.42
    ],
    [
      39.57,
      26.15
    ],
    [
      40.56,
      25.32
    ],
    [
      36.26,
      23.12
    ],
    [
      33.48,
      10.54
    ],
    [
      37.56,
      12.19
    ],
    [
      38.42,
      13.11
    ],
    [
      37.52,
      20.44
    ],
    [
      41.23,
      9.1
    ],
    [
      41.17,
      13.05
    ],
    [
      36.08,
      -5.21
    ],
    [
      38.47,
      15.13
    ],
    [
      38.15,
      15.35
    ],
    [
      37.51,
      15.17
    ],
    [
      35.49,
      14.32
    ],
    [
      39.36,
      19.56
    ],
    [
      38.09,
      24.36
    ],
    [
      36.09,
      23.0
    ],
    [
      40.44,
      13.57
    ],
    [
      40.33,
      14.15
    ],
    [
      40.37,
      14.23
    ],
    [
      37.57,
      22.56
    ]
  ],
  "distance_matrix": [
    [
      0.0,
      6.148218365528927,
      5.8589141950272134,
      2.689258101621168,
      11.194457897554445,
      8.380413317393414,
      7.413695047372901,
      0.6528450014134403,
      10.883982989428281,
      8.369701063416887,
      22.659127299355053,
      5.3041031262009115,
      4.323209129397392,
      5.438220992908126,
      5.852165359282327,
      1.3873646794084262,
      4.537182289361379,
      3.6840826457693785,
      8.299007875218004,
      5.428228669117407,
      7.137997204527352,
      2.1474947678779603
    ],
    [
      5.158567832945284,
      0.0,
      1.2780780869567305,
      4.698660860949596,
      21.570166728365695,
      14.283228298368241,
      15.31938549861511,
      3.977073115759887,
      16.472851973661044,
      12.595261554895666,
      28.91730777140129,
      12.33732597496861,
      10.357957351526208,
      12.31137125162188,
      14.430782409987462,
      5.992448751460145,
      2.2942764584043243,
      4.424053962538992,
      12.577974974681528,
      10.766452789502278,
      10.798117591662718,
      4.260571971808346
    ],
    [
      4.916515392999277,
      1.2138644171685828,
      0.0,
      5.05551440574194,
      17.70050982709511,
      13.80699756850434,
      10.824994351116953,
      4.465462862273583,
      17.12276940029561,
      11.920722417882,
      33.80008424692596,
      11.95362712851867,
      9.713086520564001,
      10.378217650280563,
      11.507805892425749,
      5.769519612060089,
      2.684079299292703,
      5.524933571622727,
      12.557366431894811,
      12.013592209076469,
      10.327405672694368,
      3.7851745202729354
    ],
    [
      3.076698384472554,
      4.158440861179234,
      4.737184181875309,
      0.0,
      14.796849956668131,
      10.118512101895503,
      9.090264619818589,
      3.041483376752439,
      19.652375947063373,
      10.261277235505187,
      24.96289155584308,
      8.037450993596227,
      7.795423692441339,
      7.300282843110956,
      9.429131556338026,
      4.191084052381403,
      1.7516250452665176,
      0.22202260132532306,
      9.565587804504341,
      9.976539100768369,
      9.538256039213884,
      1.393150869560562
    ],
    [
      10.298256281369953,
      15.026450912938964,
      14.402390712600866,
      13.320596234594658,
      0.0,
      3.406718585629482,
      5.889413440316789,
      10.359703489296988,
      8.77698988249009,
      6.587235879507546,
      16.26572866047429,
      7.306793019114132,
      5.937928995244119,
      7.394729519828569,
      3.9638216720587245,
      9.611269424096694,
      18.26769037071513,
      13.741842927351298,
      8.420025827370877,
      8.17331326079967,
      6.908633776841439,
      9.503361973715952
    ],
    [
      9.295360000564614,
      17.54132446141736,
      13.382703284762258,
      10.587072012509578,
      4.22930664750055,
      0.0,
      1.2150326156703164,
      9.212622046325393,
      5.2314123417292935,
      4.16299377914296,
      15.70318255347607,
      3.238948853759869,
      3.064690380051302,
      2.831978029705959,
      2.386779679065373,
      7.023515681743141,
      13.471820458949871,
      12.224823808320325,
      3.118918734791702,
      3.9127996335437536,
      3.5702587004344686,
      8.129619457897267
    ],
    [
      6.91773165047819,
      11.625001477968103,
      12.552854085028764,
      10.769446598540455,
      4.780895491502177,
      1.182842972405138,
      0.0,
      8.571420021315348,
      4.716447616458058,
      2.7833849765535383,
      16.853083202143164,
      2.0089185928683517,
      2.574757669957966,
      2.8200431890918307,
      3.115035235064653,
      6.247424672510813,
      10.77368611698291,
      9.148873254969674,
      1.721065425484228,
      2.33999678498276,
      1.8334602376594749,
      8.973580857523375
    ],
    [
      0.7830141281415167,
      6.523739008851552,
      5.108764319947087,
      2.8875223007303075,
      10.335177049121878,
      9.227608075885856,
      8.663824690299993,
      0.0,
      12.394005359747576,
      8.353859642383895,
      22.690158329241807,
      6.29544473562626,
      5.461861265646836,
      5.377202959882976,
      6.083774561592745,
      2.1497838570171037,
      3.8012687747187752,
      2.948744602008211,
      8.763291891322622,
      6.652723039245325,
      7.178853854545384,
      1.9358246015133334
    ],
    [
      10.489810567096708,
      16.7938415969117,
      14.854063173734444,
      16.75769182385716,
      7.891082228123974,
      4.434093650983163,
      4.589517552537127,
      12.01989210810712,
      0.0,
      4.227270759742722,
      14.307629008911604,
      5.438274285781758,
      6.821730777761625,
      5.951148228077276,
      8.353871216556609,
      10.905879520981289,
      18.23011887306082,
      15.96176035009639,
      4.211297678603406,
      4.258204178534563,
      5.174529973476737,
      10.492079415004902
    ],
    [
      8.073639380408066,
      14.061741747581218,
      14.781120130439254,
      10.181475260964161,
      8.567707097647444,
      3.551392090616965,
      2.6895735086290964,
      7.830443342792396,
      4.224947742367471,
      0.0,
      18.324518200874973,
      3.8058531178036654,
      3.9789188690632145,
      3.767039722566652,
      5.296891862853254,
      6.758044087211637,
      11.112689865803855,
      10.808558950655193,
      0.9704023373970422,
      1.181560979161565,
      1.585936397734946,
      8.654192485189277
    ],
    [
      25.75577147121307,
      41.10505705228212,
      35.36072245784681,
      25.88284780024669,
      13.49959813302091,
      19.67352934960888,
      20.780868845271453,
      22.971556863026613,
      17.348005237946687,
      18.25560996343178,
      0.0,
      21.18204637047424,
      23.018209921304038,
      18.278972965378433,
      18.54329444922452,
      26.95120467607309,
      33.333709591481124,
      24.91543041825023,
      18.546829069342802,
      19.611544864111863,
      21.08789340284467,
      26.77233141515072
    ],
    [
      5.998383517069795,
      11.302016997726149,
      10.62931549344109,
      9.177155981891538,
      6.444673275731136,
      2.9229950807868437,
      1.7523732664465612,
      5.4532176152056655,
      6.017798761915622,
      3.171839744400346,
      18.716804013416276,
      0.0,
      0.3675402287747854,
      1.1798888217116625,
      2.9565775562525194,
      4.807471265737637,
      8.994750689371251,
      8.145306535112919,
      2.0383542716619223,
      2.432296354453037,
      2.1980081664199806,
      6.663375747746549
    ],
    [
      5.041377501493132,
      10.49893950451731,
      10.263142768732347,
      7.751834858683932,
      6.477453516429248,
      2.8486365880110087,
      2.5559018800980193,
      4.868736640686265,
      7.344655596500725,
      3.3213968915194254,
      19.349442735539444,
      0.34795904358074914,
      0.0,
      0.7468520839360825,
      2.688836498866293,
      4.357494984871646,
      9.953842291348302,
      9.99169821235143,
